Workbook

Sheet المرور
A2: وزارة الصحـة و الســـــكان
A3: الإدارة المركزية لجودة الرعاية الصحية
A4: الادارة العامة لمتابعة المديريات
A5: Hospital assessment standards 2025
A9: م | B9: المعيــــــار | C9: التقييم | D9: ملاحظات
A11: إشتراطات عامة:
A12: 1. النظام الصحي والخدمات:
A13: 1 | B13: لافتة بالخدمات المقدمة في المستشفى معلنة و محدثة و معتمدة.
A14: 2 | B14: لافتة رئيسية بأسعار الخدمات المقدمة معلنة و محدثة و معتمدة و لها مرجع.
A15: 3 | B15: لافتة فرعية بأسعار الخدمات المقدمة معلنة و محدثة و معتمدة و لها مرجع:  المعمل  الأشعة  الأسنان  أماكن أخرى
A16: 4 | B16: لافتة موضح بها توزيع وتقسيمات وحدات المبنى الداخلية بالتفصيل كل طابق على حدة .
A17: 2. القيادة والإدارة:
A18: 5 | B18: يوجد هيكل تنظيمي بالمسمى الوظيفى و الأسماء معلن و محدث و معتمد.
A19: 6 | B19: يوجد توصيف وظيفي لجميع العاملين و جميع المسميات الوظيفية بالمستشفى.
A20: 7 | B20: جميع العاملين على علم و دراية تامة بالتوصيف الوظيفي .
A21: 8 | B21: نسخة من الخطة الإستراتيجية العامة للمستشفى طبقاً لإستراتيجية الصحة.
A22: 9 | B22: نسخة من خطة العمل التشغيلية .
A23: 3. تنظيم العمل :
A24: 10 | B24: تواجد جداول عمل تنظيمية على مدار 24 ساعة لجميع العاملين بجميع أقسام المستشفى.
A25: 11 | B25: تواجد العاملون طبقا لجداول العمل التنظيمية بكل قسم.
A26: 12 | B26: يوجد رئيس لكل وحدة / قسم له مهام ومسئوليات محددة ( أمر تكليف موثق و معتمد).
A27: 13 | B27: يلتزم جميع العاملين بالزى الخاص بهم .
A28: 14 | B28: يلتزم جميع العاملين بوضع بادج تعريف موضح فيه : الإسم والقسم والصورة
A29: 15 | B29: يوجد مواصفات دخول و خروج معتمدة و متاحة للفريق الطبى لكل من :  العناية المركزة  وحدة الأطفال المبتسرين  وحدة الغسيل الكلوى  وحدة الحروق إن وُجدت.
A30: 16 | B30: وثيقة حقوق و واجبات المرضي واضحة ومعلنة و محدثة.
A31: 17 | B31: ملصقات منع التدخين معلنة و مطبقة بجميع الأماكن بالمستشفى.
A32: 4. البنية التحتية العامة بالمستشفى :
A33: 18 | B33: حجرات المنشأة الطبية جيدة التهوية والإضاءة
A34: 19 | B34: المنشأة مزودة بوسائل تغذيتها بالمياه النقية بصفة مستمرة
A35: 20 | B35: المنشأة مزودة بوسائل الصرف الصحى المناسبة و السليمة
A36: 21 | B36: تزود المنشأة بالوسائل والأدوات الصحية اللازمة للتخلص من القمامة والفضلات
A37: 22 | B37: تزود المنشأة بالأجهزة اللازمة لإطفاء الحريق
A38: 23 | B38: شهادة من إدارة الدفاع المدنى والحريق بتوفر الإشتراطات اللازمة للحماية من الحريق
A39: 24 | B39: طفاية لكل (30) متر مربع .
A40: 25 | B40: شهادة تداول المواد والنفايات الخطرة
A41: 26 | B41: ما يفيد التعاقد مع محرقة للنفايات الطبية
A42: 27 | B42: تزود كل غرفة من غرف المرضى بالمنشأة:  بأثاث سهل التنظيف لا يعوق التهوية والإضاءة  لاتقل المساحة المخصصة لكل سرير عن 9 متر  دورة مياه وحمام لكل عشرة أسرة على الأكثر فى حالة عدم تزويد الغرفة بدورة مياه مستقلة
A43: 28 | B43: توجد محطة تمريضية تسمح بمراقبة جميع المرضي :  أثاث لحفظ الملفات و السجلات ( المفتوحة) مؤمن.  أثاث لحفظ الأدوية  أثاث لحفظ المهمات و الآلات الطبية اللازمة للعمل التمريضي
A44: 29 | B44: توافر حوض مخصص لغسيل الأيدي به :  معنون بحوض غسيل الأيدى  مستلزمات غسيل الأيدى  ملصقات اللحظات الخمس و بوستر غسيل الأيدى ( و فى حالة عدم توافر حوض يوضع بوستر الدلك بالكحول).
... A49: 34 | B49: تدعم المستشفى حق المريض في التقدم بشكوى شفوية أو مكتوبة، موقعة أو غير موقعة:  توجد صناديق أو مكتب لتلقي الشكاوى.  وثيقة حقوق المريض تشمل هذا الحق.  توجد لجنة أو جهة لفحص الشكاوى.  يوجد سجل للشكاوى يتضمن إجراءات تصحيحية يتم إتخاذهافي الشكاوى.
A50: 5. التراخيص :
A51: 35 | B51: ترخيص الأشعة
A52: 36 | B52: الغسيل الكلوى
A53: 37 | B53: قسطرة القلب
A54: 38 | B54: تداول النفايات
A55: 39 | B55: بنك الدم
A56: 40 | B56: المولدات الكهربائية
A57: 41 | B57: المصاعد
A58: 6. العقود :
A59: 42 | B59: الصيانة الدورية للأجهزة
A60: 43 | B60: النفايات
A61: 44 | B61: صورة من التعاقد مع العاملين
A62: 45 | B62: شركة أمن
A63: 46 | B63: شركة نظافة
A64: 7. النظافة :
A65: 47 | B65: تتوافر بكل لقسم معدات و مستلزمات النظافة
A66: 48 | B66: توجد جداول للتنظيف والتطهير اليومي وبعد خروج المريض والدوري
A67: 49 | B67: العاملون علي علم بالطريقة الصحيحة لتنظيف وتطهير أسطح العمل
A68: 50 | B68: يلتزم عمال النظافة بالزى الرسمي لهم مع وجود بادج تعريف لكل منهم
A69: 51 | B69: يرتدي عمال النظافة المستلزمات الواقية أثناء التنظيف
A70: 52 | B70: يتم التعامل مع الإنسكابات الدموية وفقا لتعليمات مكافحة العدوى
A71: 53 | B71: دورات المياه نظيفة وصالحة للإستخدام
A72: 54 | B72: لا توجد حشرات زاحفة أو طائرة و حيوانات ضالة.
A73: 55 | B73: جميع النوافذ مركب عليها شبك (سلك) معدني ضيق الفتحات.
A74: الإجمالى | D74: =IF(COUNT(C13:C73)=0,"N/A",SUM((C13:C73))/(COUNT((C13:C73))*2)) -> N/A
A75: السياسات و الإجراءات :
A76: 1 | B76: يوجد السياسات و الإجراءات الآتية محدثة و مفعلة : سياسات الجودة على سبيل المثال: السياسات العامة لسلامة و أمان المريض - إدارة و سلامة الدواء – الجراحة الآمنة – الجودة و تحسين الأداء – الرعاية المتمركزة حول المريض – الرعاية المتكاملة - ........ إلخ.
A77: 2 | B77: سياسات مكافحة العدوى على سبيل المثال: غسيل و تطهير الأيدى - إحتياطات العزل وفقاً لطرق إنتقال العدوى المحتملة – سياسات التعقيم – التعامل مع المفروشات- الواقيات الشخصية – الوخز الآمن –فصل النفايات – تطهير البيئة - ...............إلخ.
A78: 3 | B78: السياسات التمريضية على سبيل المثال: رعاية التمريضية لمرضى الجهاز التنفسى الصناعى- العلاج بالأكسجين – العلامات الحيوية – الرعاية التمريضية بالأطفال المبتسرين – الرعاية التمريضية بالمرضى قبل و بعد العمليات – مرضى السكر و الضغط – فرز و تصنيف المرضى - ...... إلخ.
A79: 4 | B79: الفريق الطبى مدرب على هذه السياسات مع التوثيق بسجل التدريب.
A80: الإجمالى | D80: =IF(COUNT(C76:C79)=0,"N/A",SUM((C76:C79))/(COUNT((C76:C79))*2)) -> N/A
A81: بروتوكولات العمل:
A82: 1 | B82: يتوافر بروتوكول العمل بكل قسم / وحدة
A83: 2 | B83: بروتوكول الألم
A84: 3 | B84: برتوكول الوقاية من الجلطات الوريدية الدموية VTE
A85: 4 | B85: وجود بروتوكول محدد للتعامل مع و علاج مرضى الحروق
A86: 5 | B86: الفريق الطبى مدرب على هذه البروتوكولات مع التوثيق بسجل التدريب.
A87: الإجمالى | D87: =IF(COUNT(C82:C86)=0,"N/A",SUM((C82:C86))/(COUNT((C82:C86))*2)) -> N/A
A88: لجان المستشفى:
A89: 1 | B89: قرار تشكيل كل لجنة محدث و معتمد و لكل تشكيل مرجعية ( على الأقل):  لجنة الجودة و سلامة المرضى و تحسين الأداء.  لجنة الدواء  لجنة مكافحة العدوى  لجنة السلامة البيئية  لجنة المراضة و الوفيات  لجنة الهيئة الطبية  لجنة الرعاية المتمركزة حول المريض
A90: 2 | B90: المهام والمسئوليات لكل لجنة.
A91: 3 | B91: محاضر إجتماع كل لجنة بصفة دورية و تشمل : توقيع الحضور فعليا – أجندة الإجتماع و ما تم مناقشته – التوصيات و تشمل المسئول عن تنفيذ كل توصية – المدة الزمنية للتنفيذ – معوقات عدم التنفيذ.
A92: الإجمالى | D92: =IF(COUNT(C89:C91)=0,"N/A",SUM((C89:C91))/(COUNT((C89:C91))*2)) -> N/A
A93: التسجيل الطبى :
A94: الملفات الطبية:
A95: 1 | B95: يوجد ملف طبى و رقم موحد لكل مريض
A96: 2 | B96: يتم إستكمال جميع نماذج الملف الطبى و التمريضى بدقة
A97: 3 | B97: يكتب تاريخ و ساعة كتابة كافة مدخلات السجل الطبي
A98: 4 | B98: تحديد القائم بكتابة مدخلات السجل الطبي بذكر إسمه الثلاثى له بوضوح ( ممنوع الفورمة و الكلاشيه لا يغنى عن التوقيع).
A99: 5 | B99: يلتزم الفريق الطبي بتسجيل العلاج والتعليمات في المكان المحدد لذلك
A100: 6 | B100: كل صفحة من السجل الطبى تحتوى على إسم المريض الرباعى و الرقم الطبى الموحد.
A101: 7 | B101: كافة مدخلات السجل الطبي واضحة و مقروءة و بدون كشط و بدون إستخدام corrector .
A102: 8 | B102: يحتوى كل ملف طبى على النماذج الأساسية الآتية على الأقل:  نموذج البيانات الديموجرافية للمريض  نموذج الموافقة على دخول المستشفى / ممتلكات المريض / حقوق و واجبات المريض.  نموذج افحص الشامل و التاريخ المرضى  خطة الرعاية الطبية  أوامر الطبيب  ملاحظات الطبيب لتقدم الحالة  نموذج الإستشارة  نموذج وصف / تنفيذ العلاج  التقييمات التمريضة ( المبدئى – السقوط – الجلد – التغذوى- الألم - ......)  خطة العناية التمريضية  قياس العلامات الحيوية  الملاحظات التمريضية  تسليم و تسلم الحالات ( أطباء - مريض)  التثقيف الصحى للمريض ( أطباء – تمريض).  ملخص الخروج  نموذج الإبلاغ عن الأحداث الغير متوقعة OVR
A103: الإجمالى | D103: =IF(COUNT(C95:C102)=0,"N/A",SUM((C95:C102))/(COUNT((C95:C102))*2)) -> N/A
A104: السجلات :
A105: 1 | B105: توافر السجلات الآتية على الأقل :  توافر السجلات التمريضية  سجل التدريب.
A106: 2 | B106: يتم التسجيل بجميع السجلات بطريقة صحيحة و واضحة و بدقة.
A107: الإجمالى | D107: =IF(COUNT(C105:C106)=0,"N/A",SUM((C105:C106))/(COUNT((C105:C106))*2)) -> N/A
A108: اٌلإقرارات:
A109: 1 | B109: جميع الإقرارات الطبية بالملف الطبى متوفرة: ( على الأقل)  نموذج إقرار الموافقة على دخول مستشفى  الموافقة على إجراءعملية جراحية  الموافقة على إجراء عالى الخطورة  الموافقة على التخدير  الموافقة على نقل دم  إقرار بالإصابة بقرح الفراش  إقرار رفض العلاج / رفض إجراء تداخلى  الموافقة على إجراء غسيل كلوى
...

Sheet الاجمالي
A1: المحافظة : الاسكندرية | E1: تواريخ التقييم :
A2: إسم المستشفي : أطفال الرمل | E2: إسم القائم بالتقييم : د/ آية المؤذن
A3: نوع المستشفي : تخصصي أطفال | E3: نتيجة التقييم : | F3: =E41 -> N/A
C5: م | D5: البــــند | E5: النسبة المئوية
C6: 1 | D6: الإشتراطات العامة | E6: =المرور!D74 -> N/A
C7: 2 | D7: السياسات و الإجراءات | E7: =المرور!D80 -> N/A
C8: 3 | D8: بروتوكولات العمل | E8: =المرور!D87 -> N/A
C9: 4 | D9: لجان المستشفى | E9: =المرور!D92 -> N/A
C10: 5 | D10: التسجيل الطبى | E10: =المرور!D103 -> N/A
C11: 6 | D11: السجلات | E11: =المرور!D107 -> N/A
C12: 7 | D12: الإقرارات | E12: =المرور!D111 -> N/A
C13: 8 | D13: العناية المركزة | E13: =المرور!D154 -> N/A
C14: 9 | D14: الطوارئ | E14: =المرور!D195 -> N/A
C15: 10 | D15: غرفة العقر | E15: =المرور!D212 -> N/A
C16: 11 | D16: العمليات | E16: =المرور!D261 -> N/A
C17: 12 | D17: الإفاقة | E17: =المرور!D278 -> N/A
C18: 13 | D18: وحدة المناظير | E18: =المرور!D299 -> N/A
C19: 14 | D19: وحدة القسطرة القلبية | E19: =المرور!D326 -> N/A
C20: 15 | D20: المبتسرين | E20: =المرور!D372 -> N/A
C21: 16 | D21: وحدة الغسيل الكلوي | E21: =المرور!D414 -> N/A
C22: 17 | D22: قسم الحروق | E22: =المرور!D431 -> N/A
C23: 18 | D23: العيادات الخارجية | E23: =المرور!D453 -> N/A
C24: 19 | D24: الأقسام الداخلية | E24: =المرور!D479 -> N/A
C25: 20 | D25: الأورام | E25: =المرور!D522 -> N/A
C26: 21 | D26: التشخيص عن بعد | E26: =المرور!D531 -> N/A
C27: 22 | D27: مواصفات غرف العزل | E27: =المرور!D540 -> N/A
C28: 23 | D28: الصيدلية | E28: =المرور!D556 -> N/A
C29: 24 | D29: المعمل | E29: =المرور!D633 -> N/A
C30: 25 | D30: الأشعة | E30: =المرور!D676 -> N/A
C31: 26 | D31: بنك الدم | E31: =المرور!D714 -> N/A
C32: 27 | D32: التعقيم | E32: =المرور!D750 -> N/A
C33: 28 | D33: وحدة غسيل المفروشات | E33: =المرور!D778 -> N/A
C34: 29 | D34: وحدة التغذية (المطبخ) | E34: =المرور!D804 -> N/A
C35: 30 | D35: غرفة حفظ الموتى | E35: =المرور!D821 -> N/A
C36: 31 | D36: غرفة النفايات | E36: =المرور!D834 -> N/A
C37: 32 | D37: الإنضباط و الإلتزام الإداري | E37: =المرور!D872 -> N/A
C38: 33 | D38: سكن الأطباء و التمريض | E38: =المرور!D879 -> N/A
C39: 34 | D39: تقييم و مراقبة أداء الخدمات الصحية المقدمة بالمنشأة | E39: =المرور!D896 -> N/A
C40: 35 | D40: العلاج الطبيعى | E40: =المرور!D935 -> N/A
D41: الإجمالي | E41: =IF(COUNT(المرور!C13:C934)=0,"N/A",SUM((المرور!C13:C934))/(COUNT((المرور!C13:C934))*2)) -> N/A
A43: إعتماد رئيس الفريق

Sheet don,t delete or edit this sheet
A1: 0
A2: 1
A3: 2
A4: N/A
